fold,activation_fn,model_variant,location_index,location_layer,location_module,bit_index,initial_accuracy,accuracy_after_seu,accuracy_change,softmax_difference,mean_abs_difference,original_bit_condition,remarks
2,actWG,03,0,conv1,weight,0,0.97625,0.97625,0.0,0.00019753949891310185,0.030152013525366783,0,
2,actWG,03,0,conv1,weight,1,0.97625,0.97625,0.0,0.0017046037828549743,5.1300992649219795e+36,0,
2,actWG,03,0,conv1,weight,3,0.97625,0.97625,0.0,9.704908006824553e-05,0.015076006759173236,1,
2,actWG,03,0,conv1,weight,6,0.97625,0.97625,0.0,0.001056275563314557,0.22614010144025087,0,
2,actWG,03,0,conv1,weight,10,0.97625,0.97625,0.0,1.2439746569725685e-05,0.001953125,1,
2,actWG,03,0,conv1,weight,15,0.97625,0.97625,0.0,4.887869522463006e-07,6.103515625e-05,1,
2,actWG,03,0,conv1,weight,21,0.97625,0.97625,0.0,5.019829529828712e-08,9.5367431640625e-07,0,
2,actWG,03,0,conv1,bias,0,0.97625,0.97625,0.0,0.0006015828112140298,0.08841382712125778,0,
2,actWG,03,0,conv1,bias,1,0.97625,0.97625,0.0,0.0019730771891772747,1.504283318068013e+37,0,
2,actWG,03,0,conv1,bias,3,0.97625,0.97625,0.0,0.00029886967968195677,0.044206913550336166,1,
2,actWG,03,0,conv1,bias,6,0.97625,0.97625,0.0,0.0026443081442266703,0.6631037034094334,0,
2,actWG,03,0,conv1,bias,10,0.97625,0.97625,0.0,5.2532413974404335e-05,0.0078125,1,
2,actWG,03,0,conv1,bias,15,0.97625,0.97625,0.0,1.6261782320725615e-06,0.000244140625,1,
2,actWG,03,0,conv1,bias,21,0.97625,0.97625,0.0,1.1007530531514931e-07,3.814697265625e-06,0,
2,actWG,03,0,conv2,weight,0,0.97625,0.97625,0.0,6.285608833422884e-05,0.15215256810188293,0,
2,actWG,03,0,conv2,weight,1,0.97625,0.97625,0.0,0.000320798484608531,2.5887418003404003e+37,0,
2,actWG,03,0,conv2,weight,3,0.97625,0.97625,0.0,3.303445555502549e-05,0.07607628403322858,1,
2,actWG,03,0,conv2,weight,6,0.97625,0.97625,0.0,0.0004274916718713939,1.141144260764122,0,
2,actWG,03,0,conv2,weight,10,0.97625,0.97625,0.0,6.989479516050778e-06,0.015625,0,
2,actWG,03,0,conv2,weight,15,0.97625,0.97625,0.0,2.2554060308266344e-07,0.00048828125,1,
2,actWG,03,0,conv2,weight,21,0.97625,0.97625,0.0,4.1718209442542786e-10,7.62939453125e-06,1,
2,actWG,03,0,conv2,bias,0,0.97625,0.97625,0.0,0.0004036417230963707,0.10812196135520935,0,
2,actWG,03,0,conv2,bias,1,0.97625,0.97625,0.0,0.0003362510760780424,1.8395998463042439e+37,0,
2,actWG,03,0,conv2,bias,3,0.97625,0.97625,0.0,0.00020381702051963657,0.05406098066501762,1,
2,actWG,03,0,conv2,bias,6,0.97625,0.9775,0.0012500000000000844,0.0016219158424064517,0.8109147101640701,0,
2,actWG,03,0,conv2,bias,10,0.97625,0.97625,0.0,2.9585904485429637e-05,0.0078125,0,
2,actWG,03,0,conv2,bias,15,0.97625,0.97625,0.0,9.301942327510915e-07,0.000244140625,1,
2,actWG,03,0,conv2,bias,21,0.97625,0.97625,0.0,1.69995502119491e-08,3.814697265625e-06,1,
2,actWG,03,0,fc1,weight,0,0.97625,0.97625,0.0,1.4442992323893122e-05,0.025693697854876518,0,
2,actWG,03,0,fc1,weight,1,0.97625,0.575,-0.40125,0.42417120933532715,4.3715561605044104e+36,0,
2,actWG,03,0,fc1,weight,3,0.97625,0.97625,0.0,7.2246966738021e-06,0.012846848924447119,1,
2,actWG,03,0,fc1,weight,6,0.97625,0.97625,0.0,0.00010796369315357879,0.1927027339115739,0,
2,actWG,03,0,fc1,weight,10,0.97625,0.97625,0.0,1.103897034226975e-06,0.001953125,0,
2,actWG,03,0,fc1,weight,15,0.97625,0.97625,0.0,3.728889197418539e-08,6.103515625e-05,0,
2,actWG,03,0,fc1,weight,21,0.97625,0.97625,0.0,1.027081864002355e-09,9.5367431640625e-07,0,
2,actWG,03,0,fc1,bias,0,0.97625,0.97625,0.0,0.0007095419568940997,0.09812001883983612,0,
2,actWG,03,0,fc1,bias,1,0.97625,0.75,-0.22624999999999995,0.26025235652923584,1.6694256126573255e+37,0,
2,actWG,03,0,fc1,bias,3,0.97625,0.97625,0.0,0.00035492426832206547,0.049060009408495385,1,
2,actWG,03,0,fc1,bias,6,0.97625,0.97625,0.0,0.005457101855427027,0.7359001412987709,0,
2,actWG,03,0,fc1,bias,10,0.97625,0.97625,0.0,5.6567056162748486e-05,0.0078125,0,
2,actWG,03,0,fc1,bias,15,0.97625,0.97625,0.0,1.7750373899616534e-06,0.000244140625,0,
2,actWG,03,0,fc1,bias,21,0.97625,0.97625,0.0,3.045435548187925e-08,3.814697265625e-06,0,
2,actWG,03,-1,conv1,weight,0,0.97625,0.975,-0.0012499999999999734,0.0020565062295645475,0.19877281785011292,1,
2,actWG,03,-1,conv1,weight,1,0.97625,0.97375,-0.0024999999999999467,0.002431639702990651,3.3819442468790495e+37,0,
2,actWG,03,-1,conv1,weight,3,0.97625,0.975,-0.0012499999999999734,0.001005323138087988,0.09938640890191626,1,
2,actWG,03,-1,conv1,weight,6,0.97625,0.975,-0.0012499999999999734,0.0039156763814389706,1.4907961338758469,0,
2,actWG,03,-1,conv1,weight,10,0.97625,0.97625,0.0,0.00014852148888166994,0.015625,0,
2,actWG,03,-1,conv1,weight,15,0.97625,0.97625,0.0,4.824821644433541e-06,0.00048828125,1,
2,actWG,03,-1,conv1,weight,21,0.97625,0.97625,0.0,1.8839710946849664e-07,7.62939453125e-06,0,
2,actWG,03,-1,conv1,bias,0,0.97625,0.97625,0.0,0.002259494736790657,0.21406367421150208,1,
2,actWG,03,-1,conv1,bias,1,0.97625,0.97375,-0.0024999999999999467,0.0026324614882469177,3.642104686624129e+37,0,
2,actWG,03,-1,conv1,bias,3,0.97625,0.97625,0.0,0.0011460668174549937,0.10703183708083075,1,
2,actWG,03,-1,conv1,bias,6,0.97625,0.97375,-0.0024999999999999467,0.0032867882400751114,1.6054775565862656,0,
2,actWG,03,-1,conv1,bias,10,0.97625,0.97625,0.0,0.00016686151502653956,0.015625,0,
2,actWG,03,-1,conv1,bias,15,0.97625,0.97625,0.0,5.325828624336282e-06,0.00048828125,1,
2,actWG,03,-1,conv1,bias,21,0.97625,0.97625,0.0,2.0516023369054892e-07,7.62939453125e-06,0,
2,actWG,03,-1,conv2,weight,0,0.97625,0.97625,0.0,6.572476559085771e-05,0.13891826570034027,1,
2,actWG,03,-1,conv2,weight,1,0.97625,0.97625,0.0,0.0004673170915339142,2.3635718130531804e+37,0,
2,actWG,03,-1,conv2,weight,3,0.97625,0.97625,0.0,3.377960092620924e-05,0.06945913283399792,1,
2,actWG,03,-1,conv2,weight,6,0.97625,0.97625,0.0,0.00038912371383048594,1.041886992752552,0,
2,actWG,03,-1,conv2,weight,10,0.97625,0.97625,0.0,7.5929601734969765e-06,0.015625,0,
2,actWG,03,-1,conv2,weight,15,0.97625,0.97625,0.0,2.404649421805516e-07,0.00048828125,0,
2,actWG,03,-1,conv2,weight,21,0.97625,0.97625,0.0,4.1718209442542786e-10,7.62939453125e-06,0,
2,actWG,03,-1,conv2,bias,0,0.97625,0.97625,0.0,0.00016884460637811571,0.04234372824430466,0,
2,actWG,03,-1,conv2,bias,1,0.97625,0.97625,0.0,0.0004816100117750466,7.204412035614491e+36,0,
2,actWG,03,-1,conv2,bias,3,0.97625,0.97625,0.0,8.433518087258562e-05,0.02117186411722287,1,
2,actWG,03,-1,conv2,bias,6,0.97625,0.9775,0.0012500000000000844,0.001103564747609198,0.3175779618322849,0,
2,actWG,03,-1,conv2,bias,10,0.97625,0.97625,0.0,1.5543080735369585e-05,0.00390625,1,
2,actWG,03,-1,conv2,bias,15,0.97625,0.97625,0.0,4.907291213385179e-07,0.0001220703125,1,
2,actWG,03,-1,conv2,bias,21,0.97625,0.97625,0.0,9.65864810353878e-09,1.9073486328125e-06,0,
2,actWG,03,-1,fc1,weight,0,0.97625,0.97625,0.0,1.0814483175636269e-05,0.02169705368578434,1,
2,actWG,03,-1,fc1,weight,1,0.97625,0.6925,-0.28374999999999995,0.3086282014846802,3.6915623917046835e+36,0,
2,actWG,03,-1,fc1,weight,3,0.97625,0.97625,0.0,5.411822257883614e-06,0.0108485268403663,1,
2,actWG,03,-1,fc1,weight,6,0.97625,0.97625,0.0,8.126716420520097e-05,0.16272790264338255,0,
2,actWG,03,-1,fc1,weight,10,0.97625,0.97625,0.0,9.795799087441992e-07,0.001953125,1,
2,actWG,03,-1,fc1,weight,15,0.97625,0.97625,0.0,3.222235278599328e-08,6.103515625e-05,1,
2,actWG,03,-1,fc1,weight,21,0.97625,0.97625,0.0,7.359594045297513e-10,9.5367431640625e-07,1,
2,actWG,03,-1,fc1,bias,0,0.97625,0.97625,0.0,0.0005807486595585942,0.0802985429763794,1,
2,actWG,03,-1,fc1,bias,1,0.97625,0.75,-0.22624999999999995,0.26025235652923584,1.366208913215254e+37,0,
2,actWG,03,-1,fc1,bias,3,0.97625,0.97625,0.0,0.00029048894066363573,0.04014927147884172,1,
2,actWG,03,-1,fc1,bias,6,0.97625,0.9775,0.0012500000000000844,0.004437268245965242,0.6022390723228455,0,
2,actWG,03,-1,fc1,bias,10,0.97625,0.97625,0.0,5.655472705257125e-05,0.0078125,1,
2,actWG,03,-1,fc1,bias,15,0.97625,0.97625,0.0,1.7750373899616534e-06,0.000244140625,0,
2,actWG,03,-1,fc1,bias,21,0.97625,0.97625,0.0,3.045435548187925e-08,3.814697265625e-06,0,
